Time,Clutch RPM in,Clutch RPM out,Slip RPM
0.01,521.6245883644347,0.0,521.6245883644347
0.02,521.6245883644347,0.0,521.6245883644347
0.03,519.8682766190999,0.0,519.8682766190999
0.04,519.8682766190999,0.0,519.8682766190999
0.05,514.8920600073179,0.0,514.8920600073179
0.06,519.4291986827661,0.0,519.4291986827661
0.07,519.4291986827661,0.0,519.4291986827661
0.08,513.8675448225393,0.0,513.8675448225393
0.09,513.8675448225393,0.0,513.8675448225393
0.1,511.9648737650933,0.0,511.9648737650933
0.11,511.9648737650933,0.0,511.9648737650933
0.12,517.9656055616538,0.0,517.9656055616538
0.13,522.2100256128796,0.0,522.2100256128796
0.14,522.2100256128796,0.0,522.2100256128796
0.15,526.6008049762165,0.0,526.6008049762165
0.16,526.6008049762165,0.0,526.6008049762165
0.17,524.5517746066594,0.0,524.5517746066594
0.18,524.5517746066594,0.0,524.5517746066594
0.19,531.869740212221,0.0,531.869740212221
0.2,527.1862422246616,0.0,527.1862422246616
0.21,527.1862422246616,0.0,527.1862422246616
0.22,535.3823637028905,0.0,535.3823637028905
0.23,535.3823637028905,0.0,535.3823637028905
0.24,527.0398829125503,0.0,527.0398829125503
0.25,527.478960848884,0.0,527.478960848884
0.26,527.478960848884,0.0,527.478960848884
0.27,512.403951701427,0.0,512.403951701427
0.28,512.403951701427,0.0,512.403951701427
0.29,518.69740212221,0.0,518.69740212221
0.3,518.69740212221,0.0,518.69740212221
0.31,501.5733626051957,0.0,501.5733626051957
0.32,522.2100256128796,0.0,522.2100256128796
0.33,522.2100256128796,0.0,522.2100256128796
0.34,502.8905964141968,0.0,502.8905964141968
0.35,502.8905964141968,0.0,502.8905964141968
0.36,506.98865715331135,0.0,506.98865715331135
0.37,506.98865715331135,0.0,506.98865715331135
0.38,482.5466520307354,0.0,482.5466520307354
0.39,482.5466520307354,0.0,482.5466520307354
0.4,507.86681302597873,0.0,507.86681302597873
0.41,507.86681302597873,0.0,507.86681302597873
0.42,483.42480790340284,0.0,483.42480790340284
0.43,494.840834248079,0.0,494.840834248079
0.44,494.840834248079,0.0,494.840834248079
0.45,470.1061105012806,0.0,470.1061105012806
0.46,470.1061105012806,0.0,470.1061105012806
0.47,479.18038785217703,0.0,479.18038785217703
0.48,479.18038785217703,0.0,479.18038785217703
0.49,454.4456641053787,0.0,454.4456641053787
0.5,454.4456641053787,0.0,454.4456641053787
0.51,455.7628979143798,0.0,455.7628979143798
0.52,455.7628979143798,0.0,455.7628979143798
0.53,436.58982802780827,0.0,436.58982802780827
0.54,436.58982802780827,0.0,436.58982802780827
0.55,456.49469447493595,0.0,456.49469447493595
0.56,456.49469447493595,0.0,456.49469447493595
0.57,438.6388583973655,0.0,438.6388583973655
0.58,438.6388583973655,0.0,438.6388583973655
0.59,438.1997804610318,0.0,438.1997804610318
0.6,438.1997804610318,0.0,438.1997804610318
0.61,438.1997804610318,0.0,438.1997804610318
0.62,421.95389681668496,0.0,421.95389681668496
0.63,421.95389681668496,0.0,421.95389681668496
0.64,418.1485547017929,0.0,418.1485547017929
0.65,418.1485547017929,0.0,418.1485547017929
0.66,395.31650201244054,0.0,395.31650201244054
0.67,395.31650201244054,0.0,395.31650201244054
0.68,372.33809001097694,0.0,372.33809001097694
0.69,372.33809001097694,0.0,372.33809001097694
0.7,372.33809001097694,0.0,372.33809001097694
0.71,377.6070252469813,0.0,377.6070252469813
0.72,377.6070252469813,0.0,377.6070252469813
0.73,397.0728137577753,0.0,397.0728137577753
0.74,397.0728137577753,0.0,397.0728137577753
0.75,384.924990852543,0.0,384.924990852543
0.76,384.924990852543,0.0,384.924990852543
0.77,384.924990852543,3.168362293033102,381.75662855950986
0.78,373.06988657153306,3.168362293033102,369.90152427849995
0.79,373.06988657153306,3.168362293033102,369.90152427849995
0.8,377.8997438712038,6.336724586066204,371.56301928513756
0.81,377.8997438712038,6.336724586066204,371.56301928513756
0.82,377.8997438712038,6.336724586066204,371.56301928513756
0.83,378.9242590559824,6.336724586066204,372.5875344699162
0.84,378.9242590559824,6.336724586066204,372.5875344699162
0.85,374.3871203805342,6.336724586066204,368.050395794468
0.86,374.3871203805342,6.336724586066204,368.050395794468
0.87,362.82473472374676,6.336724586066204,356.48801013768053
0.88,362.82473472374676,6.336724586066204,356.48801013768053
0.89,362.82473472374676,6.336724586066204,356.48801013768053
0.9,370.7281375777534,6.336724586066204,364.39141299168716
0.91,370.7281375777534,6.336724586066204,364.39141299168716
0.92,363.1174533479692,6.336724586066204,356.780728761903
0.93,363.1174533479692,6.336724586066204,356.780728761903
0.94,363.1174533479692,6.336724586066204,356.780728761903
0.95,369.41090376875223,126.73449172132409,242.67641204742813
0.96,369.41090376875223,126.73449172132409,242.67641204742813
0.97,355.06769118185144,126.73449172132409,228.33319946052734
0.98,355.06769118185144,126.73449172132409,228.33319946052734
0.99,355.06769118185144,126.73449172132409,228.33319946052734
1.0,361.2147822905232,148.9130277725558,212.3017545179674
1.01,361.2147822905232,148.9130277725558,212.3017545179674
1.02,361.2147822905232,148.9130277725558,212.3017545179674
1.03,338.52908891328207,148.9130277725558,189.61606114072626
1.04,338.52908891328207,193.27009987501918,145.25898903826288
1.05,356.97036223929746,196.43846216805235,160.5319000712451
1.06,356.97036223929746,196.43846216805235,160.5319000712451
1.07,356.97036223929746,196.43846216805235,160.5319000712451
1.08,328.13757775338456,231.29044739141642,96.84713036196814
1.09,328.13757775338456,231.29044739141642,96.84713036196814
1.1,342.0417124039517,231.29044739141642,110.75126501253527
1.11,342.0417124039517,234.45880968444956,107.58290271950213
1.12,342.0417124039517,234.45880968444956,107.58290271950213
1.13,303.1101353823637,234.45880968444956,68.65132569791413
1.14,303.1101353823637,275.6475194938799,27.46261588848381
1.15,303.1101353823637,275.6475194938799,27.46261588848381
1.16,353.45773874862783,275.6475194938799,77.81021925474795
1.17,353.45773874862783,307.33114242421084,46.126596324416994
1.18,353.45773874862783,307.33114242421084,46.126596324416994
1.19,315.257958287596,326.3413161824095,-11.083357894813503
1.2,315.257958287596,326.3413161824095,-11.083357894813503
1.21,380.68057080131723,326.3413161824095,54.33925461890772
1.22,380.68057080131723,329.5096784754426,51.170892325874604
1.23,380.68057080131723,329.5096784754426,51.170892325874604
1.24,342.91986827661907,389.70856204307154,-46.78869376645247
1.25,342.91986827661907,389.70856204307154,-46.78869376645247
1.26,369.84998170508595,351.68821452667424,18.161767178411708
1.27,369.84998170508595,351.68821452667424,18.161767178411708
1.28,369.84998170508595,351.68821452667424,18.161767178411708
1.29,340.43175997072814,351.68821452667424,-11.256454555946107
1.3,340.43175997072814,351.68821452667424,-11.256454555946107
1.31,384.7786315404317,351.68821452667424,33.090417013757474
1.32,384.7786315404317,351.68821452667424,33.090417013757474
1.33,384.7786315404317,377.0351128709391,7.74351866949263
1.34,359.7511891694109,377.0351128709391,-17.28392370152818
1.35,359.7511891694109,358.0249391127405,1.7262500566703807
1.36,397.80461031833147,358.0249391127405,39.779671205590944
1.37,397.80461031833147,430.89727185250183,-33.09266153417036
1.38,397.80461031833147,430.89727185250183,-33.09266153417036
1.39,376.87522868642515,402.38201121520393,-25.506782528778785
1.4,376.87522868642515,402.38201121520393,-25.506782528778785
1.41,400.5854372484449,421.3921849734025,-20.806747724957575
1.42,400.5854372484449,421.3921849734025,-20.806747724957575
1.43,387.8521770947676,389.70856204307154,-1.856384948303912
1.44,387.8521770947676,389.70856204307154,-1.856384948303912
1.45,401.3172338090011,399.2136489221708,2.1035848868302764
1.46,401.3172338090011,399.2136489221708,2.1035848868302764
1.47,401.3172338090011,370.69838828487286,30.618845524128233
1.48,385.65678741309915,418.22382268036944,-32.567035267270285
1.49,385.65678741309915,418.22382268036944,-32.567035267270285
1.5,389.1694109037687,418.22382268036944,-29.054411776600716
1.51,389.1694109037687,418.22382268036944,-29.054411776600716
1.52,393.5601902671057,367.53002599183975,26.030164275265975
1.53,393.5601902671057,383.3718374570053,10.188352810100412
1.54,393.5601902671057,383.3718374570053,10.188352810100412
1.55,414.3432125869008,484.7594308340647,-70.4162182471639
1.56,414.3432125869008,484.7594308340647,-70.4162182471639
1.57,398.8291255031101,421.3921849734025,-22.563059470292387
1.58,398.8291255031101,421.3921849734025,-22.563059470292387
1.59,393.99926820343944,392.8769243361047,1.1223438673347346
1.6,393.99926820343944,392.8769243361047,1.1223438673347346
1.61,401.17087449688984,418.22382268036944,-17.0529481834796
1.62,401.17087449688984,418.22382268036944,-17.0529481834796
1.63,401.17087449688984,405.55037350823704,-4.379499011347207
1.64,410.2451518477863,405.55037350823704,4.694778339549259
1.65,410.2451518477863,415.0554603873364,-4.810308539550078
1.66,406.87888766922794,415.0554603873364,-8.176572718108446
1.67,406.87888766922794,462.58089478283284,-55.70200711360491
1.68,403.805342114892,462.58089478283284,-58.775552667940815
1.69,403.805342114892,411.8870980943032,-8.081755979411184
1.7,420.4903036955726,411.8870980943032,8.603205601269394
1.71,420.4903036955726,405.55037350823704,14.939930187335563
1.72,425.46652030735453,405.55037350823704,19.916146799117485
1.73,425.46652030735453,408.71873580127016,16.747784506084372
1.74,434.1017197219173,408.71873580127016,25.38298392064712
1.75,434.1017197219173,389.70856204307154,44.39315767884574
1.76,425.32016099524327,453.0758079037336,-27.75564690849035
1.77,425.32016099524327,453.0758079037336,-27.75564690849035
1.78,445.225027442371,503.7696045922632,-58.54457714989218
1.79,445.225027442371,503.7696045922632,-58.54457714989218
1.8,445.225027442371,446.73908331766734,-1.5140558752963216
1.81,440.54152945481155,446.73908331766734,-6.197553862855784
1.82,465.42261251372116,465.74925707586596,-0.32664456214479287
1.83,465.42261251372116,440.4023587316011,25.02025378212005
1.84,454.00658616904497,440.4023587316011,13.604227437443853
1.85,454.00658616904497,443.5707210246343,10.435865144410684
1.86,472.44785949506036,443.5707210246343,28.877138470426075
1.87,472.44785949506036,415.0554603873364,57.392399107723975
1.88,452.25027442371015,415.0554603873364,37.19481403637377
1.89,452.25027442371015,478.42270624799846,-26.17243182428831
1.9,463.66630076838635,478.42270624799846,-14.756405479612113
1.91,463.66630076838635,453.0758079037336,10.590492864652731
1.92,440.3951701427003,484.7594308340647,-44.36426069136439
1.93,440.3951701427003,484.7594308340647,-44.36426069136439
1.94,473.0332967435053,468.9176193688991,4.11567737460615
1.95,473.0332967435053,468.9176193688991,4.11567737460615
1.96,447.4204171240395,437.23399643856806,10.186420685471433
1.97,447.4204171240395,475.25434395496535,-27.83392683092586
1.98,435.1262349066959,475.25434395496535,-40.12810904826944
1.99,435.1262349066959,475.25434395496535,-40.12810904826944
2.0,435.1262349066959,475.25434395496535,-40.12810904826944
2.01,410.2451518477863,449.90744561070045,-39.662293762914146
2.02,410.2451518477863,449.90744561070045,-39.662293762914146
2.029,439.5170142700329,437.23399643856806,2.2830178314648606
2.04,439.5170142700329,421.3921849734025,18.124829296630423
2.05,417.70947676545916,421.3921849734025,-3.6827082079433353
2.06,417.70947676545916,421.3921849734025,-3.6827082079433353
2.07,433.66264178558356,392.8769243361047,40.78571744947885
2.08,433.66264178558356,386.54019975003837,47.12244203554519
2.09,412.4405415294548,408.71873580127016,3.72180572818462
2.1,412.4405415294548,408.71873580127016,3.72180572818462
2.109,432.34540797658246,415.0554603873364,17.289947589246083
2.12,432.34540797658246,415.0554603873364,17.289947589246083
2.13,419.46578851079397,462.58089478283284,-43.11510627203887
2.14,419.46578851079397,405.55037350823704,13.915415002556927
2.15,437.7607025246981,405.55037350823704,32.21032901646106
2.16,437.7607025246981,472.0859816619322,-34.32527913723408
2.17,437.7607025246981,472.0859816619322,-34.32527913723408
2.18,423.27113062568606,440.4023587316011,-17.131228105915056
2.189,423.27113062568606,440.4023587316011,-17.131228105915056
2.2,431.75997072813755,462.58089478283284,-30.820924054695297
2.21,431.75997072813755,427.7289095594688,4.031061168668771
2.22,424.73472374679835,427.7289095594688,-2.9941858126704233
2.23,424.73472374679835,440.4023587316011,-15.66763498480276
2.24,436.8825466520307,440.4023587316011,-3.5198120795703858
2.25,436.8825466520307,408.71873580127016,28.16381085076057
2.26,434.97987559458466,462.58089478283284,-27.601019188248188
2.27,434.97987559458466,446.73908331766734,-11.759207723082682
2.28,444.49323088181484,446.73908331766734,-2.2458524358524983
2.29,444.49323088181484,411.8870980943032,32.606132787511626
2.3,430.5890962312477,411.8870980943032,18.701998136944496
2.31,430.5890962312477,443.5707210246343,-12.981624793386572
2.32,416.5386022685693,443.5707210246343,-27.03211875606496
2.33,416.5386022685693,437.23399643856806,-20.695394169998735
2.34,419.9048664471277,437.23399643856806,-17.329129991440368
2.35,419.9048664471277,396.04528662913776,23.859579817989925
2.36,419.9048664471277,396.04528662913776,23.859579817989925
2.37,421.36845956824,389.70856204307154,31.659897525168446
2.38,421.36845956824,430.89727185250183,-9.528812284261846
2.39,427.95462861324546,437.23399643856806,-9.279367825322595
2.4,427.95462861324546,443.5707210246343,-15.61609241138882
2.41,427.22283205268934,443.5707210246343,-16.34788897194494
2.42,427.22283205268934,446.73908331766734,-19.516251264977996
2.43,427.36919136480054,446.73908331766734,-19.369891952866794
2.44,427.36919136480054,465.74925707586596,-38.38006571106541
2.45,419.75850713501643,465.74925707586596,-45.990749940849526
2.46,419.75850713501643,421.3921849734025,-1.6336778383860633
2.47,440.3951701427003,421.3921849734025,19.0029851692978
2.48,440.3951701427003,415.0554603873364,25.339709755363913
2.49,436.443468715697,415.0554603873364,21.388008328360627
2.5,436.443468715697,415.0554603873364,21.388008328360627
2.51,447.27405781192823,392.8769243361047,54.39713347582352
2.52,447.27405781192823,434.065634145535,13.20842366639323
2.53,431.6136114160263,440.4023587316011,-8.788747315574824
2.54,431.6136114160263,440.4023587316011,-8.788747315574824
2.55,447.12769849981703,472.0859816619322,-24.95828316211515
2.56,447.12769849981703,472.0859816619322,-24.95828316211515
2.57,429.5645810464691,443.5707210246343,-14.006139978165209
2.58,429.5645810464691,462.58089478283284,-33.01631373636377
2.59,443.6150750091474,462.58089478283284,-18.96581977368544
2.6,443.6150750091474,434.065634145535,9.549440863612404
2.61,443.6150750091474,434.065634145535,9.549440863612404
2.62,420.78302231979507,440.4023587316011,-19.619336411806046
2.63,420.78302231979507,440.4023587316011,-19.619336411806046
2.64,454.5920234174899,443.5707210246343,11.021302392855603
2.65,454.5920234174899,443.5707210246343,11.021302392855603
2.66,430.88181485547017,421.3921849734025,9.489629882067675
2.67,430.88181485547017,421.3921849734025,9.489629882067675
2.68,460.0073179656055,421.3921849734025,38.61513299220303
2.69,460.0073179656055,468.9176193688991,-8.910301403293602
2.7,430.150018294914,468.9176193688991,-38.767601073985134
2.71,430.150018294914,475.25434395496535,-45.10432566005136
2.72,445.07866813025976,475.25434395496535,-30.175675824705593
2.73,445.07866813025976,437.23399643856806,7.844671691691701
2.74,421.0757409440175,437.23399643856806,-16.15825549455053
2.75,421.0757409440175,456.2441701967667,-35.16842925274915
2.76,455.909257226491,446.73908331766734,9.170173908823642
2.77,455.909257226491,449.90744561070045,6.00181161579053
2.78,432.19904866447126,449.90744561070045,-17.708396946229186
2.79,432.19904866447126,456.2441701967667,-24.04512153229541
2.8,451.2257592389316,449.90744561070045,1.3183136282311239
2.81,451.2257592389316,449.90744561070045,1.3183136282311239
2.82,432.34540797658246,491.09615542013074,-58.75074744354828
2.83,432.34540797658246,491.09615542013074,-58.75074744354828
2.84,443.17599707281374,434.065634145535,9.110362927278743
2.85,443.17599707281374,434.065634145535,9.110362927278743
2.86,435.1262349066959,434.065634145535,1.060600761160913
2.87,435.1262349066959,434.065634145535,1.060600761160913
2.88,454.4456641053787,418.22382268036944,36.221841425009245
2.89,454.4456641053787,418.22382268036944,36.221841425009245
2.9,448.15221368459567,418.22382268036944,29.928391004226228
2.91,448.15221368459567,421.3921849734025,26.760028711193172
2.92,457.95828759604825,421.3921849734025,36.56610262264576
2.93,457.95828759604825,497.43288000619697,-39.474592410148716
2.94,447.12769849981703,468.9176193688991,-21.789920869082096
2.95,447.12769849981703,475.25434395496535,-28.12664545514832
2.96,451.66483717526523,491.09615542013074,-39.43131824486551
2.97,451.66483717526523,491.09615542013074,-39.43131824486551
2.98,446.39590193926085,472.0859816619322,-25.690079722671328
2.99,446.39590193926085,472.0859816619322,-25.690079722671328
3.0,444.0541529454811,472.0859816619322,-28.03182871645106
3.01,444.0541529454811,472.0859816619322,-28.03182871645106
3.02,432.34540797658246,437.23399643856806,-4.8885884619855915
3.03,432.34540797658246,430.89727185250183,1.4481361240806336
3.04,432.34540797658246,430.89727185250183,1.4481361240806336
3.05,418.5876326381266,418.22382268036944,0.3638099577571552
3.06,418.5876326381266,418.22382268036944,0.3638099577571552
3.07,427.36919136480054,430.89727185250183,-3.5280804877012883
3.08,427.36919136480054,430.89727185250183,-3.5280804877012883
3.09,430.5890962312477,421.3921849734025,9.196911257845215
3.1,430.5890962312477,421.3921849734025,9.196911257845215
3.11,431.6136114160263,405.55037350823704,26.063237907789244
3.12,431.6136114160263,405.55037350823704,26.063237907789244
3.13,421.51481888035124,437.23399643856806,-15.719177558216813
3.14,421.51481888035124,437.23399643856806,-15.719177558216813
3.15,431.6136114160263,484.7594308340647,-53.1458194180384
3.16,431.6136114160263,472.0859816619322,-40.47237024590589
3.17,425.17380168313207,472.0859816619322,-46.91217997880011
3.18,425.17380168313207,459.41253248979973,-34.23873080666766
3.19,442.2978412001463,459.41253248979973,-17.114691289653422
3.2,442.2978412001463,462.58089478283284,-20.283053582686534
3.21,435.71167215514083,462.58089478283284,-26.86922262769201
3.22,435.71167215514083,434.065634145535,1.6460380096058316
3.23,446.98133918770577,434.065634145535,12.91570504217077
3.24,446.98133918770577,430.89727185250183,16.08406733520394
3.25,431.4672521039151,430.89727185250183,0.5699802514132557
3.26,431.4672521039151,430.89727185250183,0.5699802514132557
3.27,456.3483351628247,402.38201121520393,53.966323947620765
3.28,456.3483351628247,386.54019975003837,69.80813541278633
3.29,436.0043907793633,430.89727185250183,5.10711892686146
3.3,436.0043907793633,430.89727185250183,5.10711892686146
3.31,456.7874130991584,468.9176193688991,-12.130206269740711
3.32,456.7874130991584,468.9176193688991,-12.130206269740711
3.33,433.2235638492499,465.74925707586596,-32.525693226616056
3.34,433.2235638492499,468.9176193688991,-35.694055519649226
3.35,475.5214050493962,468.9176193688991,6.603785680497083
3.36,475.5214050493962,456.2441701967667,19.277234852629533
3.37,452.10391511159895,456.2441701967667,-4.140255085167723
3.38,452.10391511159895,462.58089478283284,-10.476979671233892
3.39,473.32601536772773,456.2441701967667,17.08184517096106
3.4,473.32601536772773,437.23399643856806,36.09201892915968
3.41,449.7621661178192,443.5707210246343,6.191445093184939
3.42,449.7621661178192,443.5707210246343,6.191445093184939
3.43,469.081595316502,459.41253248979973,9.669062826702259
3.44,469.081595316502,459.41253248979973,9.669062826702259
3.45,443.32235638492494,475.25434395496535,-31.931987570040405
3.46,443.32235638492494,475.25434395496535,-31.931987570040405
3.47,429.85729967069153,478.42270624799846,-48.56540657730693
3.48,429.85729967069153,478.42270624799846,-48.56540657730693
3.49,429.85729967069153,437.23399643856806,-7.376696767876524
3.5,411.7087449688986,449.90744561070045,-38.19870064180185
3.51,411.7087449688986,449.90744561070045,-38.19870064180185
3.52,437.0289059641419,453.0758079037336,-16.04690193959169
3.53,437.0289059641419,453.0758079037336,-16.04690193959169
3.54,425.17380168313207,427.7289095594688,-2.555107876336706
3.55,425.17380168313207,427.7289095594688,-2.555107876336706
3.56,439.9560922063666,430.89727185250183,9.058820353864746
3.57,439.9560922063666,411.8870980943032,28.068994112063365
3.58,419.46578851079397,462.58089478283284,-43.11510627203887
3.59,419.46578851079397,462.58089478283284,-43.11510627203887
3.6,405.1225759238931,411.8870980943032,-6.764522170410089
3.61,405.1225759238931,411.8870980943032,-6.764522170410089
3.62,408.63519941456275,415.0554603873364,-6.420260972773633
3.63,408.63519941456275,415.0554603873364,-6.420260972773633
3.64,408.63519941456275,421.3921849734025,-12.756985558839744
3.65,433.66264178558356,396.04528662913776,37.6173551564458
3.66,433.66264178558356,396.04528662913776,37.6173551564458
3.67,432.93084522502744,389.70856204307154,43.2222831819559
3.68,432.93084522502744,389.70856204307154,43.2222831819559
3.69,440.3951701427003,453.0758079037336,-12.680637761033324
3.7,440.3951701427003,453.0758079037336,-12.680637761033324
3.71,433.955360409806,440.4023587316011,-6.446998321795093
3.72,433.955360409806,440.4023587316011,-6.446998321795093
3.73,434.39443834613974,465.74925707586596,-31.35481872972622
3.74,434.39443834613974,443.5707210246343,-9.176282678494545
3.75,435.8580314672521,443.5707210246343,-7.712689557382191
3.76,435.8580314672521,443.5707210246343,-7.712689557382191
3.77,436.29710940358575,443.5707210246343,-7.273611621048531
3.78,436.29710940358575,415.0554603873364,21.24164901624937
3.79,448.0058543724844,415.0554603873364,32.950393985148025
3.8,448.0058543724844,437.23399643856806,10.771857933916351
3.81,450.20124405415294,437.23399643856806,12.967247615584881
3.82,450.20124405415294,430.89727185250183,19.303972201651106
3.83,452.98207098426633,449.90744561070045,3.0746253735658797
3.84,452.98207098426633,449.90744561070045,3.0746253735658797
3.85,442.73691913648,481.5910685410315,-38.85414940455149
3.86,442.73691913648,481.5910685410315,-38.85414940455149
3.87,452.98207098426633,462.58089478283284,-9.598823798566514
3.88,452.98207098426633,462.58089478283284,-9.598823798566514
3.89,446.2495426271496,465.74925707586596,-19.49971444871636
3.9,446.2495426271496,465.74925707586596,-19.49971444871636
3.91,456.3483351628247,465.74925707586596,-9.400921913041259
3.92,456.3483351628247,459.41253248979973,-3.0641973269750338
3.93,443.0296377607025,459.41253248979973,-16.382894729097245
3.94,443.0296377607025,465.74925707586596,-22.71961931516347
3.95,473.32601536772773,453.0758079037336,20.250207463994116
3.96,473.32601536772773,468.9176193688991,4.40839599882861
3.97,457.6655689718258,468.9176193688991,-11.252050397073333
3.98,457.6655689718258,437.23399643856806,20.431572533257736
3.99,485.32747896084885,468.9176193688991,16.409859591949726
4.0,485.32747896084885,468.9176193688991,16.409859591949726
